{
  "inband_mean": {
    "sinad_pre": 14.724636815873737,
    "sinad_post_lin": 32.67288068009995,
    "sinad_post_nl": 31.465905348740623,
    "sinad_ref": 64.03970068296384,
    "thd_pre": -71.43146516295496,
    "thd_post_lin": -71.58128268698793,
    "thd_post_nl": -66.93513382018838,
    "thd_ref": -148.42280567608347,
    "sfdr_pre": 17.45468059875397,
    "sfdr_post_lin": 36.69789968089135,
    "sfdr_post_nl": 34.806414961739975,
    "sfdr_ref": 69.00302715928616
  },
  "calib_params": {
    "fir_taps": 63,
    "nl0": {
      "a2": -0.0008517039645349878,
      "a3": -0.0016029387508501988
    },
    "nl1": {
      "a2": -0.0020488938821825783,
      "a3": 0.004011210455436706
    }
  },
  "files": {
    "plots_dir": "D:\\project\\tiadc_ddsp\\plots_ref\\20260121_154027"
  }
}