{
  "inband_mean": {
    "sinad_pre": 14.724655358978177,
    "sinad_post_lin": 30.876693806526593,
    "sinad_post_nl": 25.710567572135087,
    "sinad_ref": 64.03973319417574,
    "thd_pre": -71.48727207651436,
    "thd_post_lin": -71.60114812551195,
    "thd_post_nl": -45.05746227369606,
    "thd_ref": -149.21125266521045,
    "sfdr_pre": 17.45466019260614,
    "sfdr_post_lin": 34.71450603611666,
    "sfdr_post_nl": 28.727071193988714,
    "sfdr_ref": 69.0030507077482
  },
  "linear_fir": {
    "taps": 63,
    "ridge_rel": 0.02
  },
  "nl_poly23": {
    "nl0": {
      "a2": -0.0009141583976335026,
      "a3": 0.047005895563640945
    },
    "nl1": {
      "a2": -0.0021624684998866367,
      "a3": 0.04626077128727867
    }
  },
  "files": {
    "out_dir": "D:\\project\\tiadc_ddsp\\plots_ref\\20260121_154925"
  }
}