{
  "inband_mean": {
    "sinad_pre": 14.724609590730077,
    "sinad_post_lin": 16.500940500823596,
    "sinad_post_nl": -9.756083039684992,
    "sinad_ref": 64.03974231205707,
    "thd_pre": -71.33422416042404,
    "thd_post_lin": -71.33470920861095,
    "thd_post_nl": 4.098685291455841,
    "thd_ref": -148.78001888746718,
    "sfdr_pre": 17.454608681957282,
    "sfdr_post_lin": 19.229681099755584,
    "sfdr_post_nl": -4.961349367646994,
    "sfdr_ref": 69.00310916655498
  },
  "linear_fir": {
    "taps": 63
  },
  "nl_poly23": {
    "nl0": {
      "a2": 2.263546973628685e-06,
      "a3": -0.0001396909081350187
    },
    "nl1": {
      "a2": 1.8990927580996638e-05,
      "a3": -0.0002345816139863381
    }
  },
  "files": {
    "out_dir": "D:\\project\\tiadc_ddsp\\plots_ref\\20260121_154732"
  }
}